{
    "foreground_intensity_properties_per_channel": {
        "0": {
            "max": 587.0,
            "mean": 49.84112548828125,
            "median": 52.0,
            "min": -998.0,
            "percentile_00_5": -482.0,
            "percentile_99_5": 139.0,
            "std": 69.24945068359375
        }
    },
    "median_relative_size_after_cropping": 1.0,
    "shapes_after_crop": [
        [
            200,
            512,
            512
        ],
        [
            499,
            512,
            512
        ],
        [
            70,
            512,
            512
        ],
        [
            468,
            512,
            512
        ],
        [
            465,
            512,
            512
        ],
        [
            425,
            512,
            512
        ],
        [
            450,
            512,
            512
        ],
        [
            642,
            512,
            512
        ],
        [
            425,
            512,
            512
        ],
        [
            447,
            512,
            512
        ],
        [
            455,
            512,
            512
        ],
        [
            421,
            512,
            512
        ],
        [
            417,
            512,
            512
        ],
        [
            625,
            512,
            512
        ],
        [
            605,
            512,
            512
        ],
        [
            490,
            512,
            512
        ],
        [
            280,
            512,
            512
        ],
        [
            595,
            512,
            512
        ],
        [
            353,
            512,
            512
        ],
        [
            87,
            512,
            512
        ],
        [
            436,
            512,
            512
        ],
        [
            101,
            512,
            512
        ],
        [
            303,
            512,
            512
        ],
        [
            504,
            512,
            512
        ],
        [
            100,
            512,
            512
        ],
        [
            631,
            512,
            512
        ],
        [
            500,
            512,
            512
        ],
        [
            96,
            512,
            512
        ],
        [
            96,
            512,
            512
        ],
        [
            477,
            512,
            512
        ],
        [
            74,
            512,
            512
        ],
        [
            74,
            512,
            512
        ],
        [
            267,
            512,
            512
        ],
        [
            89,
            512,
            512
        ],
        [
            444,
            512,
            512
        ],
        [
            446,
            512,
            512
        ],
        [
            556,
            512,
            512
        ],
        [
            446,
            512,
            512
        ],
        [
            128,
            512,
            512
        ],
        [
            438,
            512,
            512
        ],
        [
            90,
            512,
            512
        ],
        [
            450,
            512,
            512
        ],
        [
            400,
            512,
            512
        ],
        [
            585,
            512,
            512
        ],
        [
            114,
            512,
            512
        ],
        [
            316,
            512,
            512
        ],
        [
            118,
            512,
            512
        ],
        [
            316,
            512,
            512
        ],
        [
            497,
            512,
            512
        ],
        [
            70,
            512,
            512
        ],
        [
            277,
            512,
            512
        ],
        [
            85,
            512,
            512
        ],
        [
            325,
            512,
            512
        ],
        [
            337,
            512,
            512
        ],
        [
            325,
            512,
            512
        ],
        [
            123,
            512,
            512
        ],
        [
            325,
            512,
            512
        ],
        [
            346,
            512,
            512
        ],
        [
            145,
            512,
            512
        ],
        [
            346,
            512,
            512
        ],
        [
            463,
            512,
            512
        ],
        [
            94,
            512,
            512
        ],
        [
            463,
            512,
            512
        ],
        [
            306,
            512,
            512
        ],
        [
            92,
            512,
            512
        ],
        [
            443,
            512,
            512
        ],
        [
            89,
            512,
            512
        ],
        [
            89,
            512,
            512
        ],
        [
            340,
            512,
            512
        ],
        [
            380,
            512,
            512
        ],
        [
            380,
            512,
            512
        ],
        [
            490,
            512,
            512
        ],
        [
            665,
            512,
            512
        ],
        [
            490,
            512,
            512
        ],
        [
            397,
            512,
            512
        ],
        [
            100,
            512,
            512
        ],
        [
            397,
            512,
            512
        ],
        [
            71,
            512,
            512
        ],
        [
            43,
            512,
            512
        ],
        [
            215,
            512,
            512
        ],
        [
            281,
            512,
            512
        ],
        [
            117,
            512,
            512
        ],
        [
            281,
            512,
            512
        ],
        [
            329,
            512,
            512
        ],
        [
            93,
            512,
            512
        ],
        [
            329,
            512,
            512
        ],
        [
            95,
            512,
            512
        ],
        [
            426,
            512,
            512
        ],
        [
            595,
            512,
            512
        ],
        [
            595,
            512,
            512
        ],
        [
            595,
            512,
            512
        ],
        [
            128,
            512,
            512
        ],
        [
            94,
            512,
            512
        ],
        [
            470,
            512,
            512
        ],
        [
            101,
            512,
            512
        ],
        [
            334,
            512,
            512
        ],
        [
            153,
            512,
            512
        ],
        [
            126,
            512,
            512
        ],
        [
            281,
            512,
            512
        ],
        [
            100,
            512,
            512
        ],
        [
            90,
            512,
            512
        ],
        [
            446,
            512,
            512
        ],
        [
            377,
            512,
            512
        ],
        [
            95,
            512,
            512
        ],
        [
            377,
            512,
            512
        ],
        [
            500,
            512,
            512
        ],
        [
            323,
            512,
            512
        ],
        [
            500,
